url,url_brand,solution,phishing,category;;;;
http://131.68.169.103/msj/0799/directx/directx.aspx,microsoft,url dengan ip address pada domain merupakan phishing,1,1;;;;
http://174.138.36.47/banks/atb/,hsbc,url dengan ip address pada domain merupakan phishing,1,1;;;;
http://113.125.21.66/users/sign_in,soundcloud,url dengan ip address pada domain merupakan phishing,1,1;;;;
http://216.222.194.94/images/social/sign-in/,snapchat,url dengan ip address pada domain merupakan phishing,1,1;;;;
http://202.77.121.186/kliping/,spotify,url dengan ip address pada domain merupakan phishing,1,1;;;;
http://127.96.133.53/computer/artificial/book/978-0-7923-8684-1,springer,url dengan ip address pada domain merupakan phishing,1,1;;;;
http://158.46.148.27/users/,facebook,url dengan ip address pada domain merupakan phishing,1,1;;;;
http://104.30.146.16/secure-account/,instagram,url dengan ip address pada domain merupakan phishing,1,1;;;;
http://125.87.174.21/software/autogen/,nvidia,url dengan ip address pada domain merupakan phishing,1,1;;;;
http://112.23.154.76/secure-login/,twitter,url dengan ip address pada domain merupakan phishing,1,1;;;;
http://162.96.132.92/cart/,zara,url dengan ip address pada domain merupakan phishing,1,1;;;;
http://143.50.164.91/secure,wechat,url dengan ip address pada domain merupakan phishing,1,1;;;;
http://35.239.229.191/authenticate.html,tinder,url dengan ip address pada domain merupakan phishing,1,1;;;;
http://47.90.0.38/login/home,youtube,url dengan ip address pada domain merupakan phishing,1,1;;;;
http://165.227.4.30/publish/images/,instagram,url dengan ip address pada domain merupakan phishing,1,1;;;;
en.wikipedia.org/wiki/international_lunar_network,wikipedia,url halaman international lunar network pada wikipedia tidak termasuk phishing,0,1;;;;
www.facebook.com/linkinpark,facebook,url halaman linkinpark profile pada facebook tidak termasuk phishing,0,1;;;;
www.commbank.com.au/banking/everyday-accounts.html,commbank,url halaman everyday accounts pada commbank tidak termasuk phishing,0,1;;;;
aws.amazon.com/blogs/aws/new-p2-instance-type-for-amazon-ec2-up-to-16-gpus/,amazon,url halaman blog perihal p2 instance type pada amazon tidak termasuk phishing,0,1;;;;
twitter.com/trafficshoe,twitter,url halaman profile trafficshoe pada twitter tidak termasuk phishing,0,1;;;;
www.disneyclips.com/mickeymouse.html,disney,url halaman disney mickey mouse clip art tidak termasuk phishing,0,1;;;;
www.hondacivicforum.com/forum/routine-maintenance-diys-73/manual-transmission-fluid-change-82610/,honda,url halaman forum honda perihal manual transmission fluid change tidak termasuk phishing,0,1;;;;
yamaha-motor.co.id,yamaha,url halaman yamaha tidak termasuk phishing,0,1;;;;
appleinsider.com/articles/16/09/08/belkin-announces-simultaneous-lightning-headphone-and-charging-adapter-for-iphone-7,apple,url artikel lightning headphone dan charging adapter iphone 7 tidak termasuk phishing,0,1;;;;
www.microsoft.com/sharepoint,microsoft,url halaman sharepoint pada microsoft tidak termasuk phishing,0,1;;;;
http://pbndemo2.costapbn.com/wp-admin/js/widgets/postale.activation/phone.php,sony,url phishing karena bukan url brand sony,1,2;;;;
http://kiancar.lh.pl/wp-includes/verification/index.php,mitsubishi,url phishing karena bukan url brand mitsubishi,1,2;;;;
http://handsonbeautysalon.co.uk/ofiice/office,loreal,url phishing karena bukan url brand loreal,1,2;;;;
http://apple.com-devicealert.com/dpzva,lenovo,url phishing karena bukan url brand lenovo,1,2;;;;
http://harcomputer.com/http/match/,acer,url phishing karena bukan url brand acer,1,2;;;;
http://fb.com/profile,facebook,url phishing karena bukan url brand facebook,1,2;;;;
http://apple.com.aieuv.cn/mim/1m7l049675d2373i62mx6081l900mw61qc38l7j0c7s5mcq5y3.html,intel,url phishing karena bukan url brand intel,1,2;;;;
https://diabloiptvreseller.com/payment/,paypal,url phishing karena bukan url brand paypal,1,2;;;;
http://www.bliss-system20.com/payment/office,mastercard,url phishing karena bukan url brand mastercard,1,2;;;;
http://baghira-wupperwolf.de/images/banners/bbtonline/,gucci,url phishing karena bukan url brand gucci,1,2;;;;
http://servicepaypal.serveirc.com/,hsbc,url phishing karena bukan url brand hsbc,1,2;;;;
http://adventures9.com/gig.html/,tripadvisor,url phishing karena bukan url brand tripadvisor,1,2;;;;
http://login.live.com.skyhigh9157.ms-office-365-email.skyhigh9157.myshn.net/,microsoft,url phishing karena bukan url brand microsoft,1,2;;;;
http://honda4fun.com/plugins/oregonstate.html,toyota,url phishing karena bukan url brand toyota,1,2;;;;
www.bluebluebird.com,twitter,url phishing karena bukan url brand twitter,1,2;;;;
en.wikipedia.org/wiki/google,wikipedia,url tidak termasuk phishing karena merupakan url brand wikipedia,0,2;;;;
dotnet.microsoft.com/en-us/apps/aspnet,microsoft,url tidak termasuk phishing karena merupakan url brand microsoft,0,2;;;;
www.amazon.com/best-sellers-computers-accessories-computer-mice/zgbs/pc/11036491,amazon,url tidak termasuk phishing karena merupakan url brand amazon,0,2;;;;
itunes.apple.com/gb/app/id446079916,itunes,url tidak termasuk phishing karena merupakan url brand itunes,0,2;;;;
https://accounts.snapchat.com/,snapchat,url tidak termasuk phishing karena merupakan url brand snapchat,0,2;;;;
www.ebay.co.uk/n/all-categories#electronics,ebay,url tidak termasuk phishing karena merupakan url brand ebay,0,2;;;;
www.kfc.com.au,kfc,url tidak termasuk phishing karena merupakan url brand kfc,0,2;;;;
www.canon-europe.com/cameras/wifi-cameras,canon,url tidak termasuk phishing karena merupakan url brand canon,0,2;;;;
www.google.co.id/patents/us4527451,google,url tidak termasuk phishing karena merupakan url brand google,0,2;;;;
disney.wikia.com/mickey_mouse,disney,url tidak termasuk phishing karena merupakan url brand disney,0,2;;;;
facebook.com-marketplace-93839.mediaryte.co/,facebook,url phishing karena menggunakan domain mediaryte.co yang tidak terpercaya dan brand facebook terdapat pada subdomain,1,3;;;;
servicepaypal.serveirc.com/,paypal,url phishing karena menggunakan domain serveirc.com yang tidak terpercaya dan brand paypal terdapat pada subdomain,1,3;;;;
https://amazon-support.nijiyamarket.com/,amazon,url phishing karena menggunakan domain nijiyamarket.com yang tidak terpercaya dan brand amazon terdapat pada subdomain,1,3;;;;
drivegoogle.myglobalchild.com/e1ae20556d0d00f6010d19f1a17b72c2/,google drive,url phishing karena menggunakan domain myglobalchild.com yang tidak terpercaya dan brand google drive terdapat pada subdomain,1,3;;;;
secureupdate.appleld.com.duilawyeryork.com/ap/88b142e778d73f7,apple,url phishing karena menggunakan domain duilawyeryork.com yang tidak terpercaya dan brand apple terdapat pada subdomain,1,3;;;;
accounts.snapchat.com.account.com.mx/,snapchat,url phishing karena menggunakan domain account.com.mx yang tidak terpercaya dan brand snapchat terdapat pada subdomain,1,3;;;;
instagram.hop.ru,instagram,url phishing karena menggunakan domain hop.ru yang tidak terpercaya brand dan instagram terdapat pada subdomain,1,3;;;;
servicepaypal.serveirc.com/,paypal,url phishing karena menggunakan domain serveirc.com yang tidak terpercaya dan brand paypal terdapat pada subdomain,1,3;;;;
visa.com-mobi-0236578329.islahomeibiza.com/,visa,url phishing karena menggunakan domain islahomeibiza.com yang tidak terpercaya dan brand visa terdapat pada subdomain,1,3;;;;
pay-pal-deutschland.zxc301.com/029188,paypal,url phishing karena menggunakan domain zxc301.com/yang tidak terpercaya dan brand paypal terdapat pada subdomain,1,3;;;;
faceboook.bitballoon.com/,facebook,url phishing karena menggunakan domain bitballoon.com yang tidak terpercaya dan brand facebook terdapat pada subdomain,1,3;;;;
chat.whatsapp.com.madsuka.com/invite,whatsapp,url phishing karena menggunakan domain madsuka.com yang tidak terpercaya dan brand whatsapp terdapat pada subdomain,1,3;;;;
whatsappchat.zyns.com/,whatsap,url phishing karena menggunakan domain zyns.com yang tidak terpercaya dan brand whatsapp terdapat pada subdomain,1,3;;;;
http://login-offlce365-0utl00k.nn.r.appspot.com/wp-content,office 365,url phishing karena menggunakan domain appspot.com yang tidak terpercaya dan brand office 365 terdapat pada subdomain,1,3;;;;
http://www.microsoft-secure-online.oa.r.appspot.com/admin,microsoft,url phishing karena menggunakan domain appspot.com yang tidak terpercaya dan brand microsoft terdapat pada subdomain,1,3;;;;
www.flaticon.com/free-icons/parking_403,flaticon,url halaman icon parking pada flaticon tidak termasuk phishing,0,3;;;;
en.wikipedia.org/wiki/gateway,wikipedia,url halaman gateway pada wikipedia tidak termasuk phishing,0,3;;;;
twitter.com/mimosagrillclt,twitter,url halaman profil mimosagrillclt pada twitter tidak termasuk phishing,0,3;;;;
www.facebook.com/thekeyboardcat,facebook,url halaman profil the keyboard cat pada facebook tidak termasuk phishing,0,3;;;;
http://www.biology4kids.com/files/cell2_activetran.html,biology4kid,url halaman cell2 active tran pada biology4kids tidak termasuk phishing,0,3;;;;
www.slideshare.net/ashamsvk/project-report-on-digital-media-marketing,slideshare,url halaman report digital marketing pada slideshare tidak termasuk phishing,0,3;;;;
www.youtube.com/user/ping,youtube,url halaman profil ping pada youtube tidak termasuk phishing,0,3;;;;
www.forbes.com/profile/tory-burch/,forbes,url halaman profil tory burch pada forbes tidak termasuk phishing,0,3;;;;
en.wikipedia.org/wiki/vh1,wikipedia,url halaman vh1 pada wikipedia tidak termasuk phishing,0,3;;;;
https://books.google.co.in/books?id=kpy1hpkkwdqc&printsec=frontcover&source=gbs_book_other_versions_r&cad=2,book google,url halaman buku electric power transmission pada book google tidak termasuk phishing,0,3;;;;
https://lakatosfoundation.com/paypal/app/process,paypal,url phishing karena menggunakan domain yang tidak terpercaya dan brand paypal terdapat pada path,1,4;;;;
http://510637870.swh.strato-hosting.eu/paypal,paypal,url phishing karena menggunakan domain yang tidak terpercaya dan brand paypal terdapat pada path,1,4;;;;
http://159.203.115.201/wp-content/plugins/simple-post-series/nkia/paypal-password-reset.php,paypal,url phishing karena menggunakan ip domain yang tidak terpercaya dan brand paypal terdapat pada path,1,4;;;;
http://www.iac.org.in/harshivgupta.com/paypal/home/signin.htm,paypal,url phishing karena menggunakan domain yang tidak terpercaya dan brand paypal terdapat pada path,1,4;;;;
http://www.uniserwis.biz/js/ca/googledoc/wr/cd/,google docs,url phishing karena menggunakan domain yang tidak terpercaya dan brand google docs terdapat pada path,1,4;;;;
http://twowheelcool.com/twitter.com/index759b.html,twitter,url phishing karena menggunakan domain islahomeibiza.com yang tidak terpercaya dan brand visa terdapat pada path,1,4;;;;
http://35.188.36.185/linkedin/www.linkedin.com/website,linkedin,url phishing karena menggunakan domain yang tidak terpercaya dan brand linkedin terdapat pada path,1,4;;;;
http://aksoydanismanlik.com/microsoft/microsoft,microsoft,url phishing karena menggunakan domain yang tidak terpercaya dan brand microsoft terdapat pada path,1,4;;;;
http://lazorra001.webcindario.com/app/facebook.com/?lang=pl,facebook,url phishing karena menggunakan domain yang tidak terpercaya dan brand facebook terdapat pada path,1,4;;;;
http://phan.thuchao.free.fr/hao/youtube/ba.htm,youtube,url phishing karena menggunakan domain yang tidak terpercaya dan brand youtube terdapat pada path,1,4;;;;
http://xn--wellness-rhn-fjb.de/wp-content/logo/whatsapp/,whatsapp,url phishing karena menggunakan domain yang tidak terpercaya dan brand whatsapp terdapat pada path,1,4;;;;
http://ttdancestudio.com/ap_application/application/controllers/tesla,tesla,url phishing karena menggunakan domain yang tidak terpercaya dan brand tesla terdapat pada path,1,4;;;;
http://erasmus-besancon.com/modules/blog/onedrive/share-point/login.php,one drive,url phishing karena menggunakan domain yang tidak terpercaya dan brand one drive terdapat pada path,1,4;;;;
https://www.lovetheedit.com/postnewo/www.dropbox.com/1223/d29759e928f2454418734c9fa877646d,dropbox,url phishing karena menggunakan domain yang tidak terpercaya dan brand dropbox terdapat pada path,1,4;;;;
http://hasmob.com/assurance/alibaba.com/login.htm,alibaba,url phishing karena menggunakan domain yang tidak terpercaya dan brand alibaba terdapat pada path,1,4;;;;
https://www.foxtv.co.uk,foxty,url halaman foxty tidak termasuk phishing,0,4;;;;
https://en.wikipedia.org/wiki/automata_theory,wikipedia,url halaman automata theory pada wikipedia tidak termasuk phishing,0,4;;;;
http://jobs.jobvite.com/linkedin/jobs,jobvite,url menggunakan domain jobs.jobvite.com yang terpercaya dengan brand linkedin pada path tidak termasuk phishing,0,4;;;;
ttps://www.amazon.com/best-sellers-computers-accessories-computer-mice/zgbs/pc/11036491,amazon,url halaman best sellers computers accessories pada amazon tidak termasuk phishing,0,4;;;;
https://www.coca-colacompany.com/careers/applicant-help,coca-cola,url halaman coca-cola careers pada coca-cola tidak termasuk phishing,0,4;;;;
https://patents.google.com/patent/us4394828,google,url halaman patent us4394828 pada google tidak termasuk phishing,0,4;;;;
https://www.scribd.com/doc/22594454/advantages-of-firewall,scribd,url halaman advanta ges of firewall pada scribd tidak termasuk phishing,0,4;;;;
https://mickey.disney.com/,disney,url halaman mickey disney pada desney tidak termasuk phishing,0,4;;;;
http://www.nbcnews.com/,nbc,url halaman nbc news tidak termasuk phishing,0,4;;;;
https://www.tripadvisor.ru/attractionsnear-g58805-d1783773-the_hardware_store-vashon_washington.html,trip advisor,url halaman trip advisor tidak termasuk phishing,0,4;;;;
http://appleid.apple.com-app.es/,apple,url phishing karena terdapat modifikasi pada domain brand apple yang seharusnya appleid.apple.com,1,5;;;;
http://twitter1243652.dx.am/,twitter,url phishing karena terdapat modifikasi pada domain brand twitter yang seharusnya twitter.com,1,5;;;;
http://facebook-login.mypi.co/,facebook,url phishing karena terdapat modifikasi pada domain brand facebook yang seharusnya facebook.com,1,5;;;;
http://www.grup-whatsapp-invite.zzux.com/,whatsapp,url phishing karena terdapat modifikasi pada domain brand whatsapp yang seharusnya chat.whatsapp.com/,1,5;;;;
http://apple.com.aieuv.cn/,apple,url phishing karena terdapat modifikasi pada domain brand apple yang seharusnya apple.com,1,5;;;;
http://microsoft-secure-online.oa.r.appspot.com/,microsoft,url phishing karena terdapat modifikasi pada domain brand microsoft yang seharusnya microsoft.com,1,5;;;;
http://amazon.de.p122421.com/login,amazon,url phishing karena terdapat modifikasi pada domain brand amazon yang seharusnya amazon.com/ap/signin,1,5;;;;
https://paypal-test.projektumfeld.de/,paypal,url phishing karena terdapat modifikasi pada domain brand paypal yang seharusnya paypal.com,1,5;;;;
http://office365-0nedrive-portal.el.r.appspot.com/wp-content,office 365,url phishing karena terdapat modifikasi pada domain brand office 365 yang seharusnya office.com,1,5;;;;
http://faceboook.hop.ru/,facebook,url phishing karena terdapat modifikasi pada domain brand facebook yang seharusnya facebook.com,1,5;;;;
http://chat.whatsapp.com.madsuka.com/,whatsapp,url phishing karena terdapat modifikasi pada domain brand whatsapp yang seharusnya chat.whatsapp.com/,1,5;;;;
https://storage.cloud.google.com/,google,url phishing karena terdapat modifikasi pada domain brand google yang seharusnya cloud.google.com,1,5;;;;
http://www.itunes.aieuv.cn/,itunes,url phishing karena terdapat modifikasi pada domain brand itunes yang seharusnya apple.com/itunes/,1,5;;;;
http://google.parser.co.in/,google,url phishing karena terdapat modifikasi pada domain brand google yang seharusnya google.com,1,5;;;;
http://doc.google.share.pressurecookerindia.com/,google docs,url phishing karena terdapat modifikasi pada domain brand google docs yang seharusnya docs.google.com,1,5;;;;
https://www.youtube.com/user/cbsthismorning,youtube,url halaman pengguna cbsthismorning pada youtube tidak termasuk phishing,0,5;;;;
https://en.wikipedia.org/wiki/mac_address,wikipedia,url halaman mac address pada wikipedia tidak termasuk phishing,0,5;;;;
https://www.facebook.com/publictransporthub/,facebook,url halaman pengguna public transport hub pada facebook tidak termasuk phishing,0,5;;;;
https://www.slideshare.net/drajayagale/surfactant-therapy-by-ajay-agade,slideshare,url halaman surfactant therapy pada slideshare tidak termasuk phishing,0,5;;;;
http://techapple.net/2016/03/top-3-free-finder-alternative-file-managers-for-mac-os-x/,apple,url halaman top 3 free finder alternative file managers for mac os pada apple tidak termasuk phishing,0,5;;;;
http://www.yamaha-keyboard-guide.com/piano-keyboard.html,yamaha,url halaman piano keyboard pada yamaha keyboard tidak termasuk phishing,0,5;;;;
https://www.instagram.com/imdbpro/,instagram,url halaman pengguna imdbpro pada instagram tidak termasuk phishing,0,5;;;;
https://twitter.com/hopdoddy,twitter,url halaman pengguna hopdoddy pada twitter tidak termasuk phishing,0,5;;;;
http://www.nbclosangeles.com/investigations/,nbc,url halaman investigations pada nbc tidak termasuk phishing,0,5;;;;
https://aws.amazon.com/blogs/aws/new-g2-instance-type-with-4x-more-gpu-power/,amazon,url halaman new g2 instance type pada amazon tidak termasuk phishing,0,5;;;;
facebbook.org/check/,facebook,url phishing seharusnya facebook,1,6;;;;
http://mircosoft.com,,microsoft,url phishing seharusnya microsoft,1,6;;;;
http://commdirect.de/cms/konto-geldanlage.html,comdirect,url phishing seharusnya facebook,1,6;;;;
https://www.zaba.hr/home/en/small-business/transaction-account,zara,url phishing seharusnya zara,1,6;;;;
https://account.liev.com/summarypage.aspx,live.com,url phishing seharusnya live.com,1,6;;;;
http://flipkar1.com,flipkart,url phishing seharusnya flipkart,1,6;;;;
http://www.micosoft.com,microsoft,url phishing seharusnya facebook,1,6;;;;
http://youtubee.com/,youtube,url phishing seharusnya youtube,1,6;;;;
www.amozon.com,amazon,url phishing seharusnya amazon,1,6;;;;
www.gougle.com,google,url phishing seharusnya google,1,6;;;;
www.glthub.com,github,url phishing seharusnya github,1,6;;;;
http://vvvvvv.paypal.com.xn,paypal,url phishing seharusnya www.paypal,1,6;;;;
http://www.ptddrivers.com/profil_paypai/230a7f42bebf7ca9451c32396ee0110c/mpp/update/,paypal,url phishing seharusnya paypal,1,6;;;;
http://twitetr.com,twitter,url phishing seharusnya twitter,1,6;;;;
http://appie.com,apple,url phishing seharusnya apple,1,6;;;;
https://discussions.apple.com/thread/6539590,apple,url halaman diskusi pada apple tidak termasuk phishing,0,6;;;;
https://itunes.apple.com/us/app/fox-sports-go/i'd711074743?mt=8,itunes,url halaman itunes tidak termasuk phishing,0,6;;;;
https://www.instagram.com/hopdoddy /,instagram,url halaman pengguna hopdoddy pada instagram tidak termasuk phishing,0,6,;;;;
https://twitter.com/scactionnetwork,twitter,url halaman pengguna scaction network pada twitter tidak termasuk phishing,0,6,;;;;
https://www.facebook.com/impacteventsgroupinc,facebook,url halaman advanta ges of firewall pada scribd tidak termasuk phishing,0,6;;;;
https://en.wikipedia.org/wiki/smith_%26_wesson_bodyguard_380,wikipedia,url halaman wesson bodyguard pada wikipedia tidak termasuk phishing,0,6;;;;
https://www.youtube.com/user/chuckieart,youtube,url halaman pengguna chuckieart pada youtube tidak termasuk phishing,0,6;;;;
http://www.msnbc.com/,msnbc,url halaman msnbc tidak termasuk phishing,0,6;;;;
https://aws.amazon.com/ec2/elastic-graphics/,amazon,url halaman elastic graphics pada amazon tidak termasuk phishing,0,6;;;;
https://docs.microsoft.com/ru-ru/sql/ssms/download-sql-server-management-studio-ssms?redirectedfrom=msdn&view=sql-server-ver15,microsoft,url halaman sql server pada microsoft tidak termasuk phishing,0,6;;;;
https://www.arnazon.com/gp/browse.html?,amazone,url phishing seharusnya amazone,1,7;;;;
https://www.efacks.com/features/efax-mobile-app,efax,url phishing seharusnya efax,1,7;;;;
https://security.berkeleiy.edu/resources/,barkeley,url phishing seharusnya barkeley,1,7;;;;
http://www.bankofdamerica.com/,bank of america,url phishing seharusnya bank of amerrica,1,7;;;;
ww2.facebooklogon.com,facebook,url phishing seharusnya facebook,1,7;;;;
flipkar1.com,flipkart,url phishing seharusnya flipkart,1,7;;;;
www.bankofamercai.com,bank of america,url phishing seharusnya bank of america,1,7;;;;
hxxp://amaazon.club,amazone,url phishing seharusnya amazone,1,7;;;;
hxxp://amozonsale.online,amazone,url phishing seharusnya amazone,1,7;;;;
paypai.com,paypal,url phishing seharusnya paypal,1,7;;;;
https://www.appie.com,apple,url phishing seharusnya apple,1,7;;;;
paypal--accounts.com,paypal,url phishing seharusnya paypal,1,7;;;;
www.amazonn.com/ap/signin?_encoding=ut,amazon,url phishing seharusnya amazone,1,7;;;;
it.wikipeclia.org/wiki/pagina_principle,wikipedia,url phishing seharusnya wikipedia,1,7;;;;
https://tesia.com,tesla,url phishing seharusnya tesla,1,7;;;;
https://itunes.apple.com/us/app/vh1/id413522634?mt=8,itunes,url halaman itunes tidak termasuk phishing,0,7;;;;
https://www.instagram.com/graphicsfairy/,instagram,url halaman pengguna graphics fairy pada instagram tidak termasuk phishing,0,7;;;;
https://twitter.com/pathtrain,twitter,url halaman pengguna path train pada twitter tidak termasuk phishing,0,7;;;;
https://www.facebook.com/hopdoddy,facebook,url halaman pengguna hopdoddy pada facebook tidak termasuk phishing,0,7;;;;
https://en.wikipedia.org/wiki/insecticide,wikipedia,url halaman insecticide pada wikipedia tidak termasuk phishing,0,7;;;;
https://www.youtube.com/watch?v=hlshu9ad9_s,youtube,url halaman youtube tidak termasuk phishing,0,7;;;;
http://www.nbcnews.com/nightly-news,nbc,url halaman nightly news pada nbc tidak termasuk phishing,0,7;;;;
https://aws.amazon.com/cloudfront/,amazon,url halaman cloud front pada amazon tidak termasuk phishing,0,7;;;;
https://windowsreport.com/microsoft-movie-maker-windows-10/,microsoft,url halaman microsoft movie maker pada microsoft tidak termasuk phishing,0,7;;;;
https://docs.microsoft.com/en-us/sql/ssms/sql-server-management-studio-ssms?view=sql-server-ver15,microsoft,url halaman sql server pada microsoft tidak termasuk phishing,0,7;;;;
;;;;
